recipient_name,bank_clean
ALLIANCE BANK,ALLIANCE BANK
JP MORGAN CHASE BANK,JP MORGAN CHASE BANK
AMALGAMATED BANK,AMALGAMATED BANK
BANK OF AMERICA,BANK OF AMERICA
JPMORGAN CHASE BANK,JPMORGAN CHASE BANK
CHAIN BRIDGE BANK,CHAIN BRIDGE BANK
FIRST BANK,FIRST BANK
TEXAS FIRST BANK,TEXAS FIRST BANK
WELLS FARGO,WELLS FARGO
CIBC BANK,CIBC BANK
PNC BANK,PNC BANK
"BANK OF AMERICA, N. A.","BANK OF AMERICA, N. A."
WELLS FARGO BANK,WELLS FARGO BANK
FIRST BANK AND TRUST,FIRST BANK AND TRUST
FIRST NATIONAL BANK,FIRST NATIONAL BANK
"JP MORGAN CHASE BANK, NA","JP MORGAN CHASE BANK, NA"
FROST BANK,FROST BANK
CITIBANK IE,CITIBANK IE
BB&T/TRUIST,BB&T/TRUIST
"WELLS FARGO BANK, N.A.","WELLS FARGO BANK, N.A."
"PNC BANK, N.A.","PNC BANK, N.A."
REGIONS BANK II,REGIONS BANK II
FIRST NATIONAL BANK OF OMAHA,FIRST NATIONAL BANK OF OMAHA
MIDDLETOWN VALLEY BANK,MIDDLETOWN VALLEY BANK
TRI COUNTIES BANK,TRI COUNTIES BANK
WESTERN ALLIANCE BANK,WESTERN ALLIANCE BANK
CITYWIDE BANKS,CITYWIDE BANKS
UNION BANK & TRUST,UNION BANK & TRUST
FIRST INTERSTATE BANK,FIRST INTERSTATE BANK
BB&T BANK,BB&T BANK
EAGLEBANK,EAGLEBANK
JPMORGAN CHASE BANK N.A.,JPMORGAN CHASE BANK N.A.
FIRST VIRGINIA COMMUNITY BANK,FIRST VIRGINIA COMMUNITY BANK
CAPITOL NATIONAL BANK,CAPITOL NATIONAL BANK
FIFTH THIRD BANK,FIFTH THIRD BANK
BYLINE BANK,BYLINE BANK
VECTRA BANK COLORADO,VECTRA BANK COLORADO
"CHAIN BRIDGE BANK, N.A.","CHAIN BRIDGE BANK, N.A."
JP MORGAN CHASE,JP MORGAN CHASE
WINRED TECHNICAL SERVICES LLC,WINRED TECHNICAL SERVICES LLC
CLASSIC CITY BANK,CLASSIC CITY BANK
CALIFORNIA BANK & TRUST,CALIFORNIA BANK & TRUST
COMMERCE BANK,COMMERCE BANK
UMPQUA BANK,UMPQUA BANK
NORTHRIM BANK,NORTHRIM BANK
CHAIN BRIDGE BANK N.A.,CHAIN BRIDGE BANK N.A.
BENEFICIAL STATE BANK,BENEFICIAL STATE BANK
CITIZENS TRUST BANK,CITIZENS TRUST BANK
BANKPLUS,BANKPLUS
WARD AND SMITH. P.A. POLITICAL ACTION COMMITTEE,WARD AND SMITH. P.A. POLITICAL ACTION COMMITTEE
FIRSTBANK- NASHVILLE,FIRSTBANK- NASHVILLE
CITIZENS BANK,CITIZENS BANK
ENTERPRISE BANK AND TRUST,ENTERPRISE BANK AND TRUST
TRUIST BANK,TRUIST BANK
EAGLE BANK,EAGLE BANK
HUNTINGTON NATIONAL BANK,HUNTINGTON NATIONAL BANK
CHASE BANK,CHASE BANK
IOWA STATE BANK,IOWA STATE BANK
TRUIST,TRUIST
BB&T,BB&T
FIFTH THIRD,FIFTH THIRD
HUNTINGTON BANK,HUNTINGTON BANK
TD BANK,TD BANK
ARVEST BANK,ARVEST BANK
COMERICA BANK,COMERICA BANK
M&T BANK,M&T BANK
WELLS FARGO FKA WACHOVIA BANK,WELLS FARGO FKA WACHOVIA BANK
U.S. BANK,U.S. BANK
BRANCH BANKING & TRUST CO,BRANCH BANKING & TRUST CO
SOUTHSIDE BANK,SOUTHSIDE BANK
SIMMONS BANK,SIMMONS BANK
FIRSTBANK,FIRSTBANK
ASSOCIATED BANK,ASSOCIATED BANK
GATE CITY BANK,GATE CITY BANK
BANK OF SAN FRANCISCO,BANK OF SAN FRANCISCO
FIRST BANK OF NEBRASKA OMAHA,FIRST BANK OF NEBRASKA OMAHA
FIRST SOUTHERN BANK,FIRST SOUTHERN BANK
FISERV.,FISERV.
SUNRISE BANKS,SUNRISE BANKS
FIRST COMMUNITY BANK,FIRST COMMUNITY BANK
BANK OF NEVADA,BANK OF NEVADA
CHAINBRIDGE BANK,CHAINBRIDGE BANK
FNB BANK,FNB BANK
THE FARMERS BANK,THE FARMERS BANK
SUMMIT COMMUNITY BANK,SUMMIT COMMUNITY BANK
SUNTRUST BANK,SUNTRUST BANK
PRESIDENTIAL BANK,PRESIDENTIAL BANK
PRIMARY BANK,PRIMARY BANK
CAPITAL BANK,CAPITAL BANK
SERVISFIRST BANK,SERVISFIRST BANK
FIRST MINNETONKA CITY BANK,FIRST MINNETONKA CITY BANK
SUNTRUST,SUNTRUST
FIRST VIRGINIA BANK,FIRST VIRGINIA BANK
COUNTRY CLUB BANK,COUNTRY CLUB BANK
TRUIST/BB&T,TRUIST/BB&T
UNITED BANK,UNITED BANK
COMMUNITY BANK,COMMUNITY BANK
WEST BANK,WEST BANK
WASHINGTON FEDERAL BANK,WASHINGTON FEDERAL BANK
JEFFERSON BANK,JEFFERSON BANK
BANK OF OKLAHOMA,BANK OF OKLAHOMA
"JPMORGAN CHASE BANK, N.A.","JPMORGAN CHASE BANK, N.A."
SILICON VALLEY BANK,SILICON VALLEY BANK
PLAINS CAPITAL BANK,PLAINS CAPITAL BANK
CITIBANK,CITIBANK
BANKERS TRUST,BANKERS TRUST
COMMUNITY BANK - BRANDON,COMMUNITY BANK - BRANDON
HANCOCK WHITNEY BANK,HANCOCK WHITNEY BANK
BANK OF IDAHO,BANK OF IDAHO
"BANK OF AMERICA, N.A.","BANK OF AMERICA, N.A."
BANK OF AMERICA MERRILL LYNCH,BANK OF AMERICA MERRILL LYNCH
ILLINOIS NATIONAL BANK,ILLINOIS NATIONAL BANK
PNC FINANCIAL SERVICES,PNC FINANCIAL SERVICES
BMO HARRIS BANK,BMO HARRIS BANK
SANTANDER BANK,SANTANDER BANK
CITIZENS BUSINESS BANK,CITIZENS BUSINESS BANK
ISABELLA BANK,ISABELLA BANK
CAPITAL BANK OF MARYLAND,CAPITAL BANK OF MARYLAND
DRAKE BANK,DRAKE BANK
AMALGAMATED,AMALGAMATED
"AMALGAMATED BANK, N. A.","AMALGAMATED BANK, N. A."
M AND T BANK,M AND T BANK
PROSPERITY BANK,PROSPERITY BANK
WEBSTER BANK IN HAMDEN,WEBSTER BANK IN HAMDEN
FIRST AMERICAN BANK,FIRST AMERICAN BANK
SANDY SPRING BANK,SANDY SPRING BANK
JPMORGAN CHASE BANK NA,JPMORGAN CHASE BANK NA
TRUIST FORMERLY BB&T,TRUIST FORMERLY BB&T
MECHANICS BANK,MECHANICS BANK
BANK OF AMERICA MERCHANT SERVICES,BANK OF AMERICA MERCHANT SERVICES
WEBSTER BANK,WEBSTER BANK
CAPITAL ONE,CAPITAL ONE
OLD NATIONAL BANK,OLD NATIONAL BANK
TRUIST FINANCIAL CORPORATION,TRUIST FINANCIAL CORPORATION
UMB BANK,UMB BANK
STOCKYARDS BANK,STOCKYARDS BANK
JP MORGAN CHASE BANK N.A.,JP MORGAN CHASE BANK N.A.
CITYWIDE BANK,CITYWIDE BANK
WEST MICHIGAN COMMUNITY BANK,WEST MICHIGAN COMMUNITY BANK
PNC,PNC
ZIONS BANK,ZIONS BANK
JP MORGAN CHASE BANK NA,JP MORGAN CHASE BANK NA
CHARLES SCHWAB,CHARLES SCHWAB
FORBRIGHT BANK,FORBRIGHT BANK
US BANK,US BANK
MERRILL LYNCH,MERRILL LYNCH
NOBLE BANK,NOBLE BANK
"AMARILLO NATIONAL BANCORP, INC.","AMARILLO NATIONAL BANCORP, INC."
PINNACLE BANK,PINNACLE BANK
CITY NATIONAL BANK,CITY NATIONAL BANK
"WELLS FARGO BANK, NA","WELLS FARGO BANK, NA"
UNITED BANK OF IOWA,UNITED BANK OF IOWA
AMALAGAMATED BANK,AMALAGAMATED BANK
SIMMONS FIRST NATIONAL BANK,SIMMONS FIRST NATIONAL BANK
PEOPLES BANK,PEOPLES BANK
REGIONS BANK,REGIONS BANK
ZIONS CHECKING ACCT - BOISE,ZIONS CHECKING ACCT - BOISE
NORTH VALLEY BANK,NORTH VALLEY BANK
MACATAWA BANK,MACATAWA BANK
ALLIANCE BANK OF ARIZONA,ALLIANCE BANK OF ARIZONA
MIDWESTONE BANK,MIDWESTONE BANK
TRUIST (FORMERLY SUNTRUST),TRUIST (FORMERLY SUNTRUST)
UNITED COMMUNITY BANK,UNITED COMMUNITY BANK
CAPITAL BANK AND TRUST,CAPITAL BANK AND TRUST
BMO HARRIS,BMO HARRIS
WHEATON BANK & TRUST,WHEATON BANK & TRUST
CAPITAL ONE BANK,CAPITAL ONE BANK
"CHAIN BRIDGE BANK, NA","CHAIN BRIDGE BANK, NA"
CENTENNIAL BANK,CENTENNIAL BANK
ALPINE BANK,ALPINE BANK
THE FIFTH THIRD BANK,THE FIFTH THIRD BANK
FIRST FINANCIAL BANK,FIRST FINANCIAL BANK
MECHANICS & FARMERS BANK,MECHANICS & FARMERS BANK
MERCHANT BANKCD,MERCHANT BANKCD
JP MORGAN CHASE & CO,JP MORGAN CHASE & CO
FIRST HORIZON BANK,FIRST HORIZON BANK
TEXAS SECURITY BANK,TEXAS SECURITY BANK
POINT BANK,POINT BANK
PAR PACIFIC HOLDINGS INC PAC,PAR PACIFIC HOLDINGS INC PAC
"BANK OF AMERICA, NA","BANK OF AMERICA, NA"
EAST WEST BANK,EAST WEST BANK
REPUBLIC BANK,REPUBLIC BANK
BB&T TRUIST BANK,BB&T TRUIST BANK
MIDDLETOWN BANK,MIDDLETOWN BANK
AMEGY BANK,AMEGY BANK
FIRSTAR BANK,FIRSTAR BANK
"CITIBANK, N.A.","CITIBANK, N.A."
MIDDLETTOWN VALLEY BANK,MIDDLETTOWN VALLEY BANK
BREMER BANK,BREMER BANK
"COMMERCE BANKSHARES, INC.","COMMERCE BANKSHARES, INC."
MALAGA BANK,MALAGA BANK
CHAIN BRIDGE BANK NA,CHAIN BRIDGE BANK NA
FVC BANK,FVC BANK
"WELLS FARGO BANK, WELLS","WELLS FARGO BANK, WELLS"
WOODSBORO BANK,WOODSBORO BANK
CITIBANK 1,CITIBANK 1
FIRST STATE BANK,FIRST STATE BANK
CAMDEN NATIONAL BANK,CAMDEN NATIONAL BANK
REPUBLIC BANK & TRUST,REPUBLIC BANK & TRUST
BMO HARRIS BANK NA,BMO HARRIS BANK NA
"RIVER BANK, AND TRUST","RIVER BANK, AND TRUST"
FNB-FIRST NATIONAL BANK,FNB-FIRST NATIONAL BANK
AMERIS BANK,AMERIS BANK
BANCO POPULAR DE PUERTO RICO,BANCO POPULAR DE PUERTO RICO
FULTON BANK,FULTON BANK
PNC BANK N.A.,PNC BANK N.A.
RIVER BANK AND TRUST,RIVER BANK AND TRUST
BANK OF LABOR,BANK OF LABOR
FIRST CITIZENS BANK,FIRST CITIZENS BANK
RENASANT BANK,RENASANT BANK
ALLOYA CORPORATE FEDERAL CREDIT UNION,ALLOYA CORPORATE FEDERAL CREDIT UNION
JPMORGAN CHASE,JPMORGAN CHASE
BANK OF AMERICA FEDERAL,BANK OF AMERICA FEDERAL
METROPOLITAN BANK,METROPOLITAN BANK
FORCHT BANK,FORCHT BANK
JP MORGAN,JP MORGAN
CF BANK,CF BANK
PNB BANK,PNB BANK
WESBANCO,WESBANCO
COMMUNITY BANK OF RAYMORE,COMMUNITY BANK OF RAYMORE
PNC BANK NA,PNC BANK NA
OLD GLORY BANK,OLD GLORY BANK
BANKSOUTH,BANKSOUTH
TD BANK NA OF JAMESBURG,TD BANK NA OF JAMESBURG
STOCKMAN BANK,STOCKMAN BANK
BRANCH BANKING AND TRUST COMPANY,BRANCH BANKING AND TRUST COMPANY
THE HUNTINGTON NATIONAL BANK,THE HUNTINGTON NATIONAL BANK
AMALGAMATED BANK OF NEW YORK,AMALGAMATED BANK OF NEW YORK
AMAGLAMATED BANK,AMAGLAMATED BANK
PRIORITY PAYMENT SYSTEMS,PRIORITY PAYMENT SYSTEMS
AMERICAN LEGAL & FINANCIAL NETWORK PAC,AMERICAN LEGAL & FINANCIAL NETWORK PAC
"CHAIN BRIDGE BANK, N. A.","CHAIN BRIDGE BANK, N. A."
FRONT RANGE STATE BANK,FRONT RANGE STATE BANK
BANK OF AMERICA - HARD ACCOUNT,BANK OF AMERICA - HARD ACCOUNT
BANKERS TRUST COMPANY,BANKERS TRUST COMPANY
J.P. MORGAN CHASE,J.P. MORGAN CHASE
BANK OF MARIN,BANK OF MARIN
WELLSFARGO,WELLSFARGO
"BANK, COMMERCE","BANK, COMMERCE"
CAPITAL CITY BANK,CAPITAL CITY BANK
FIRST INDEPENDENT BANK,FIRST INDEPENDENT BANK
WASHINGTON INTELLIGENCE BUREAU,WASHINGTON INTELLIGENCE BUREAU
CROSSFIRST BANK,CROSSFIRST BANK
COMMUNITY BANK MANKATO,COMMUNITY BANK MANKATO
WELLS FARGO BANK N.A.,WELLS FARGO BANK N.A.
ATLANTIC UNION BANK,ATLANTIC UNION BANK
FVCBANK,FVCBANK
SOUTHSTATE BANK,SOUTHSTATE BANK
FIRST COLONIAL COMMUNITY BANK,FIRST COLONIAL COMMUNITY BANK
NBT BANK,NBT BANK
TRI-COUNTIES BANK,TRI-COUNTIES BANK
SYNOVUS BANK,SYNOVUS BANK
BANK OF TEXAS,BANK OF TEXAS
BANK OF AMERICA - BBI PAC,BANK OF AMERICA - BBI PAC
FLUSHING BANK,FLUSHING BANK
HARRIS BANK NA,HARRIS BANK NA
JOHN MARSHALL BANK,JOHN MARSHALL BANK
VALLEY BANK,VALLEY BANK
CAPITAL BANK OF MD,CAPITAL BANK OF MD
EL DORADO SAVINGS BANK,EL DORADO SAVINGS BANK
"QC HOLDINGS, INC. POLITICAL ACTION COMMITTEE","QC HOLDINGS, INC. POLITICAL ACTION COMMITTEE"
BANK OF MILLBROOK,BANK OF MILLBROOK
CHAINBRIDGE,CHAINBRIDGE
SUMMIT CREDIT UNION,SUMMIT CREDIT UNION
MORGAN STANLEY,MORGAN STANLEY
BMO,BMO
THE BANKCORP BANK,THE BANKCORP BANK
BRISTOL COUNTY SAVINGS BANK,BRISTOL COUNTY SAVINGS BANK
FARMERS AND MERCHANTS,FARMERS AND MERCHANTS
"SECURITY INDUSTRY ASSOCIATION POLITICAL ACTION COMMITTEE, SECURITYPAC","SECURITY INDUSTRY ASSOCIATION POLITICAL ACTION COMMITTEE, SECURITYPAC"
"BANK OF AMERICA, BANK OF AMERICA","BANK OF AMERICA, BANK OF AMERICA"
SUNRISE BANK,SUNRISE BANK
"J.P. MORGAN CHASE BANK, N.A.","J.P. MORGAN CHASE BANK, N.A."
1ST VIRGINIA COMMUNITY BANK,1ST VIRGINIA COMMUNITY BANK
FARMER'S & MERCHANTS BANK,FARMER'S & MERCHANTS BANK
BANCO POPULAR,BANCO POPULAR
J.P. MORGAN CHASE BANK,J.P. MORGAN CHASE BANK
BB&T FINANCIAL,BB&T FINANCIAL
FIRST VIRGINIA COMMUNITY,FIRST VIRGINIA COMMUNITY
SUNTRUST BANK CHECKING IPAL,SUNTRUST BANK CHECKING IPAL
COMERICA,COMERICA
COLUMBIA BANK,COLUMBIA BANK
COLUMBIA STATE BANK,COLUMBIA STATE BANK
JONAH BANK OF WYOMING,JONAH BANK OF WYOMING
"WELLS FARGO BANK, N.A. (377)","WELLS FARGO BANK, N.A. (377)"
FREEMONT BANK,FREEMONT BANK
CARDPOINTE/BLUEPAY - AMERICAN SAVINGS BANK,CARDPOINTE/BLUEPAY - AMERICAN SAVINGS BANK
FIRST VIRGINA COMMUNITY BANK,FIRST VIRGINA COMMUNITY BANK
"JPMORGAN CHASE, BANK N.A.","JPMORGAN CHASE, BANK N.A."
HINSDALE BANK,HINSDALE BANK
SOUTHEASTERN LUMBER MANUFACTURERS ASSOC POLITICAL ACTION COMMITTEE,SOUTHEASTERN LUMBER MANUFACTURERS ASSOC POLITICAL ACTION COMMITTEE
SUNTRUST MERCHANT ACH CORP DEBIT VIA TRUIST BANK,SUNTRUST MERCHANT ACH CORP DEBIT VIA TRUIST BANK
FIRST MERCHANTS BANK,FIRST MERCHANTS BANK
BANK OF AMERICA FREE SPIRIT,BANK OF AMERICA FREE SPIRIT
CITYFIRST BANK,CITYFIRST BANK
"COUNTRY CLUB BANK, NA","COUNTRY CLUB BANK, NA"
"CAPITAL ONE BANK, N.A.","CAPITAL ONE BANK, N.A."
ARKANAS MEDICAL SOCIETY POLITICAL ACTION COMM,ARKANAS MEDICAL SOCIETY POLITICAL ACTION COMM
BANK OF COLORADO,BANK OF COLORADO
PROSPERTY BANK,PROSPERTY BANK
INDUSTRIAL BANK,INDUSTRIAL BANK
FIRST NATIONAL BANK OMAHA,FIRST NATIONAL BANK OMAHA
TD BANK NA DEPOSIT OPERATIONS DEPT,TD BANK NA DEPOSIT OPERATIONS DEPT
TRUIST BANK CREDIT CARD,TRUIST BANK CREDIT CARD
TD BANK MERCHANT SERVICES,TD BANK MERCHANT SERVICES
INDEPENDENT BANK,INDEPENDENT BANK
BB&T TRUIST VISA,BB&T TRUIST VISA
NORTHERN TRUST COMPANY,NORTHERN TRUST COMPANY
CITIZENS COMMERCIAL BANKING,CITIZENS COMMERCIAL BANKING
WELLS FARGO ELITE CARD PAYMENT CENTER,WELLS FARGO ELITE CARD PAYMENT CENTER
GATEWAY BANK,GATEWAY BANK
CHERRY HILL CITIZENS FOR EXCELLENCE IN EDUCATION,CHERRY HILL CITIZENS FOR EXCELLENCE IN EDUCATION
MICHIGAN CREDIT UNION LEAGUE  - VENDOR,MICHIGAN CREDIT UNION LEAGUE  - VENDOR
INTRUST BANK,INTRUST BANK
KEY BANK,KEY BANK
"WESBANCO BANK, INC.","WESBANCO BANK, INC."
NATIONAL COOPERATIVE BANK,NATIONAL COOPERATIVE BANK
ALLEGIANCE BANK,ALLEGIANCE BANK
NORTHWEST SAVINGS BANK,NORTHWEST SAVINGS BANK
FIRST FOUNDATION BANK,FIRST FOUNDATION BANK
UNION BANK AND TRUST,UNION BANK AND TRUST
PACIFIC PREMIER BANK,PACIFIC PREMIER BANK
"BANK, ALLIANCE","BANK, ALLIANCE"
CONGRESSIONAL BANK,CONGRESSIONAL BANK
TRUIST BANK (FORMERLY SUN TRUST BANK),TRUIST BANK (FORMERLY SUN TRUST BANK)
MC BANK OF AMERICA,MC BANK OF AMERICA
BANCFIRST,BANCFIRST
MOBANK,MOBANK
BBT,BBT
B B & T,B B & T
PEOPLE'S UNITED BANK,PEOPLE'S UNITED BANK
BANK UNITED,BANK UNITED
CHASE,CHASE
BANK OF KAUKAUNA,BANK OF KAUKAUNA
BANCORPSOUTH BANK,BANCORPSOUTH BANK
GEORGETOWN UNIVERSITY ALUMNI AND STUDENT FEDERAL CREDIT UNION,GEORGETOWN UNIVERSITY ALUMNI AND STUDENT FEDERAL CREDIT UNION
MISSION BANK,MISSION BANK
"JPMORGAN CHASE BANK, NA","JPMORGAN CHASE BANK, NA"
AMERICAN NATIONAL BANK OF TEXAS,AMERICAN NATIONAL BANK OF TEXAS
AMARILLO NATIONAL BANCORP INC.,AMARILLO NATIONAL BANCORP INC.
FIFTH-THIRD BANK,FIFTH-THIRD BANK
BANK OF AMERICA NA,BANK OF AMERICA NA
BANK OF AMERICA - HARD,BANK OF AMERICA - HARD
NATIONAL BANK OF ARIZONA,NATIONAL BANK OF ARIZONA
FIRST HAWAIIAN BANK,FIRST HAWAIIAN BANK
TRUSTCO BANK CORP. NY,TRUSTCO BANK CORP. NY
FIRST BANK OF WYOMING,FIRST BANK OF WYOMING
TRUIST (BB&T),TRUIST (BB&T)
AMALGAMTED BANK,AMALGAMTED BANK
AMALGAMATE BANK,AMALGAMATE BANK
FIRST CITIZEN'S BANK,FIRST CITIZEN'S BANK
UNITED BANK OF EL PASO,UNITED BANK OF EL PASO
WELLS FARGO BANK NA,WELLS FARGO BANK NA
WELLS FARGO BUSINESS CARD,WELLS FARGO BUSINESS CARD
PEOPLE'S BANK,PEOPLE'S BANK
"WELLS FARGO BANK, WELLS FARGO BANK","WELLS FARGO BANK, WELLS FARGO BANK"
BELL BANK,BELL BANK
FIRST BANK OF HIGHLAND PARK,FIRST BANK OF HIGHLAND PARK
TEXAS NATIONAL BANK,TEXAS NATIONAL BANK
BANK OZK,BANK OZK
CAPITAL ONE N.A.,CAPITAL ONE N.A.
NATIONAL ASSOCIATION OF BROADCASTERS PAC,NATIONAL ASSOCIATION OF BROADCASTERS PAC
"WELLS FARGO, NA","WELLS FARGO, NA"
"CITIBANK, NA","CITIBANK, NA"
NICOLET NATIONAL BANK,NICOLET NATIONAL BANK
BALLSTON SPA NATIONAL BANK,BALLSTON SPA NATIONAL BANK
BERKSHIRE BANK,BERKSHIRE BANK
"TD BANK, N.A.","TD BANK, N.A."
ASSOCIATED BANK N.A.,ASSOCIATED BANK N.A.
BB&T MERCHANT SERVICES,BB&T MERCHANT SERVICES
TRUIST-BB&T,TRUIST-BB&T
FIRST MIDWEST BANK,FIRST MIDWEST BANK
"CITIZENS BANK, N.A.","CITIZENS BANK, N.A."
TANDEM BANK,TANDEM BANK
CITIZEN'S BANK,CITIZEN'S BANK
FIRST FREEDOM BANK,FIRST FREEDOM BANK
FIRST CAPITAL BANK OF TEXAS,FIRST CAPITAL BANK OF TEXAS
MIDDLETOWN VALLEY,MIDDLETOWN VALLEY
B B & T BANK,B B & T BANK
REGIONS,REGIONS
PROVIDENT BANK FKA TEAM CAPITAL BANK,PROVIDENT BANK FKA TEAM CAPITAL BANK
ZIONS BANK MONEY MARKET - BOISE,ZIONS BANK MONEY MARKET - BOISE
FROST NATIONAL BANK,FROST NATIONAL BANK
SHORE UNITED BANK,SHORE UNITED BANK
FOOTWEAR DISTRIBUTORS & RETAILERS OF AMERICA POLITICAL ACTION COMMITTEE,FOOTWEAR DISTRIBUTORS & RETAILERS OF AMERICA POLITICAL ACTION COMMITTEE
1ST BANK,1ST BANK
PIONEER BANK,PIONEER BANK
BANK OF MISSOURI,BANK OF MISSOURI
BANKWEST,BANKWEST
"PEOPLES UNITED BANK, N.A.","PEOPLES UNITED BANK, N.A."
BANK RHODE ISLAND,BANK RHODE ISLAND
CITIZENS BNK,CITIZENS BNK
AMEGY BANK OF TEXAS,AMEGY BANK OF TEXAS
"WACHOVIA BANK, N.A. CHARLOTTE COMMERCIAL","WACHOVIA BANK, N.A. CHARLOTTE COMMERCIAL"
"FIRST, AMERICAN BANK","FIRST, AMERICAN BANK"
WELLS FARGO BUSINESS EFO PAUL DEGROOT,WELLS FARGO BUSINESS EFO PAUL DEGROOT
OHNWARD BANK & TRUST,OHNWARD BANK & TRUST
CADENCE BANK,CADENCE BANK
SOUTH STATE BANK,SOUTH STATE BANK
FIRST TRUST & SAVINGS BANK,FIRST TRUST & SAVINGS BANK
PACIFIC PREMIER,PACIFIC PREMIER
BOILERMAKERS BLACKSMITHS FORGERS AND HELPERS OF AMERICA LOCAL 169 BOILERMAKERS PAC,BOILERMAKERS BLACKSMITHS FORGERS AND HELPERS OF AMERICA LOCAL 169 BOILERMAKERS PAC
GLEN ELLYN BANK & TRUST,GLEN ELLYN BANK & TRUST
KEY BANK - NEW YORK,KEY BANK - NEW YORK
U.S. BANK OF WASHINGTON,U.S. BANK OF WASHINGTON
AMERICAN ISRAEL PUBLIC AFFAIRS COMMITTEE PAC (AIPAC PAC),AMERICAN ISRAEL PUBLIC AFFAIRS COMMITTEE PAC (AIPAC PAC)
CENTRAL BANK,CENTRAL BANK
CUSTOMERS BANK,CUSTOMERS BANK
TRUIST FINANCIAL,TRUIST FINANCIAL
"BMO HARRIS BANK, N.A.","BMO HARRIS BANK, N.A."
SUN TRUST,SUN TRUST
JPM CHASE BANK,JPM CHASE BANK
BB & T,BB & T
MERRIMACK COUNTY SAVINGS BANK,MERRIMACK COUNTY SAVINGS BANK
SIGNATURE BANK,SIGNATURE BANK
PLANTERS BANK AND TRUST COMPANY,PLANTERS BANK AND TRUST COMPANY
U.S. BANKCORP,U.S. BANKCORP
CHEVY CHASE BANK,CHEVY CHASE BANK
"WACHOVIA BANK, N.A.","WACHOVIA BANK, N.A."
FIRST BANK OF DENVER,FIRST BANK OF DENVER
BB&T-TRUIST,BB&T-TRUIST
WELLS-FARGO,WELLS-FARGO
UNION BANK OF CALIFORNIA  #460,UNION BANK OF CALIFORNIA  #460
UNION BANK OF CALIFORNIA,UNION BANK OF CALIFORNIA
PROFESSIONAL BANK,PROFESSIONAL BANK
HEARTLAND BANK AND TRUST,HEARTLAND BANK AND TRUST
SUNCREST BANK,SUNCREST BANK
WELLS FARGO BANKS,WELLS FARGO BANKS
"BBVA USA BANCSHARES, INC.","BBVA USA BANCSHARES, INC."
MANUFACTURERS & TRADERS TRUST CO.,MANUFACTURERS & TRADERS TRUST CO.
FIRST NATIONAL BANK OF SANTA FE,FIRST NATIONAL BANK OF SANTA FE
AMERICAN NATIONAL BANK,AMERICAN NATIONAL BANK
WOODFOREST NATIONAL BANK,WOODFOREST NATIONAL BANK
M & T BANK,M & T BANK
CHAIN BRIDGE,CHAIN BRIDGE
SUN TRUST BANK,SUN TRUST BANK
SUNTRUST BANK/TRUIST,SUNTRUST BANK/TRUIST
BBVA COMPASS BANK,BBVA COMPASS BANK
BRANCH BANKING & TRUST,BRANCH BANKING & TRUST
CA BANK & TRUST,CA BANK & TRUST
WACHOVIA,WACHOVIA
THE WESTERVELT COMPANY POLITICAL ACTION COMMITTEE,THE WESTERVELT COMPANY POLITICAL ACTION COMMITTEE
JOHNSON BANK,JOHNSON BANK
TRUIST (BB&T BANK),TRUIST (BB&T BANK)
THE BANK OF NEW YORK MELLON,THE BANK OF NEW YORK MELLON
WELLS FARGO/HARLAND CLARKE,WELLS FARGO/HARLAND CLARKE
PLANNED PARENTHOOD ADVOCATES MAR MONTE,PLANNED PARENTHOOD ADVOCATES MAR MONTE
FIRST REPUBLIC BANK,FIRST REPUBLIC BANK
COMPASS BANK,COMPASS BANK
"UMB BANK, N.A.","UMB BANK, N.A."
SECURITY BANK AND TRUST,SECURITY BANK AND TRUST
CITIZENS NATIONAL BANK,CITIZENS NATIONAL BANK
UMB BANK N.A.,UMB BANK N.A.
CHOICE BANK,CHOICE BANK
UNION BANK AND TRUST COMPANY,UNION BANK AND TRUST COMPANY
BENEFICIAL BANK,BENEFICIAL BANK
ELK GROVE VILLAGE BANK AND TRUST,ELK GROVE VILLAGE BANK AND TRUST
FIRST HOZIZON BANK,FIRST HOZIZON BANK
WACHOVIA BANK,WACHOVIA BANK
TCF BANK,TCF BANK
TRADITIONAL BANK,TRADITIONAL BANK
WOODFOREST BANK,WOODFOREST BANK
RED RIVER BANK,RED RIVER BANK
PNC  BANK,PNC  BANK
SERVIS1ST BANK,SERVIS1ST BANK
FRIEND BANK,FRIEND BANK
RABOBANK,RABOBANK
WSFS BANK,WSFS BANK
VECTRA BANK,VECTRA BANK
OLD FORT BANKING CO.,OLD FORT BANKING CO.
NEW MEXICO BANK & TRUST,NEW MEXICO BANK & TRUST
PEACH STATE BANK,PEACH STATE BANK
AMERICAN NATIONAL BANK OF MINNESOTA,AMERICAN NATIONAL BANK OF MINNESOTA
HARRIS BANK,HARRIS BANK
HSA BANK,HSA BANK
TCM BANK N.A.,TCM BANK N.A.
MECHANICS AND FARMERS,MECHANICS AND FARMERS
FIRST TENNESSEE BANK,FIRST TENNESSEE BANK
BANTERA BANK,BANTERA BANK
INDEPENDENT FINANCIAL BANK,INDEPENDENT FINANCIAL BANK
BVAA COMPASS BANK,BVAA COMPASS BANK
CENTRAL BANK OF THE MIDWEST,CENTRAL BANK OF THE MIDWEST
PINNACLE NATIONAL BANK,PINNACLE NATIONAL BANK
CHEMICAL BANK,CHEMICAL BANK
CAPITAL BANK N.A.,CAPITAL BANK N.A.
"PNC BANK, NA","PNC BANK, NA"
CHASE BANK NA,CHASE BANK NA
"CALIFORNIA LABOR FEDERATION, AFL-CIO","CALIFORNIA LABOR FEDERATION, AFL-CIO"
"CAPITAL ONE BANK, NA","CAPITAL ONE BANK, NA"
"AMALGAMATED BANK, AMALGAMATED BANK","AMALGAMATED BANK, AMALGAMATED BANK"
SOUTHERN ILLINOIS LABORERS' & EMPLOYERS H & WF,SOUTHERN ILLINOIS LABORERS' & EMPLOYERS H & WF
CHAINBRIDGE ALTRIA OPERATING - 8733,CHAINBRIDGE ALTRIA OPERATING - 8733
FARMERS & MERCHANTS BANK,FARMERS & MERCHANTS BANK
WELL FARGO,WELL FARGO
SUMMIT STRATEGIC COMMUNICATIONS LLC,SUMMIT STRATEGIC COMMUNICATIONS LLC
HILLS BANK AND TRUST COMPANY,HILLS BANK AND TRUST COMPANY
5TH 3RD,5TH 3RD
BANK OF AMERICA N.A.,BANK OF AMERICA N.A.
UNIVERSITY FEDERAL CREDIT UNION,UNIVERSITY FEDERAL CREDIT UNION
"COMMERCE BANK / COMMERCE BANCSHARES, INC.","COMMERCE BANK / COMMERCE BANCSHARES, INC."
RISING PHOENIX HOLDINGS CORPORATION POLITICAL ACTION COMMITTEE,RISING PHOENIX HOLDINGS CORPORATION POLITICAL ACTION COMMITTEE
EAGLEBANK CORP,EAGLEBANK CORP
BANK OF HAWAII,BANK OF HAWAII
U.S. BANCORP,U.S. BANCORP
FIRST BANK & TRUST,FIRST BANK & TRUST
BBVA,BBVA
FIRST ADVANTAGE BANK,FIRST ADVANTAGE BANK
AMALGAMATED NATIONAL BANK,AMALGAMATED NATIONAL BANK
BANK OF THE WEST,BANK OF THE WEST
OKLAHOMA FIDELITY BANK,OKLAHOMA FIDELITY BANK
1ST SOURCE BANK,1ST SOURCE BANK
HOWARD BANK,HOWARD BANK
SALIN BANK & TRUST CO./HORIZON BANK,SALIN BANK & TRUST CO./HORIZON BANK
EASTERN BANK,EASTERN BANK
WEST AMERICA BANK,WEST AMERICA BANK
FIRST FARMERS& MERCHANTS BANK,FIRST FARMERS& MERCHANTS BANK
STERLING NATIONAL BANK,STERLING NATIONAL BANK
OCEAN FIRST BANK,OCEAN FIRST BANK
EARLHAM SAVINGS BANK,EARLHAM SAVINGS BANK
MORGAN STANLEY BANK ACCOUNT,MORGAN STANLEY BANK ACCOUNT
BANK OF AMERICA FINANCIAL CENTER,BANK OF AMERICA FINANCIAL CENTER
SOUND COMMUNITY BANK,SOUND COMMUNITY BANK
BANK OF GUAM,BANK OF GUAM
BANK OF AMERICA CORPORATION,BANK OF AMERICA CORPORATION
AMARILLO NATIONAL BANK,AMARILLO NATIONAL BANK
IBERIA BANK,IBERIA BANK
BANK OF AMERICA MERCHANTSERVICES,BANK OF AMERICA MERCHANTSERVICES
"CENTERSTATE BANK, N.A.","CENTERSTATE BANK, N.A."
RAYMOND JAMES/MORGAN KEEGAN MONEY MARKET,RAYMOND JAMES/MORGAN KEEGAN MONEY MARKET
REPUBLIC BANK - CORPORATE,REPUBLIC BANK - CORPORATE
FIRST TEXAS STATE BANK,FIRST TEXAS STATE BANK
NA,NA
FRST BANK MERCHANT,FRST BANK MERCHANT
BANK OF SPRINGFIELD,BANK OF SPRINGFIELD
ACCESS NATIONAL BANK,ACCESS NATIONAL BANK
"BANK, TD","BANK, TD"
COLORADO BUSINESS BANK,COLORADO BUSINESS BANK
HSBC BANK USA,HSBC BANK USA
JPMORGAN CHASE COMMERCIAL BANK,JPMORGAN CHASE COMMERCIAL BANK
NEVADA STATE BANK,NEVADA STATE BANK
NATIONAL BANK OF INDIANAPOLIS,NATIONAL BANK OF INDIANAPOLIS
CARVER FEDERAL SAVINGS BANK,CARVER FEDERAL SAVINGS BANK
MECHANICS AND FARMERS BANK,MECHANICS AND FARMERS BANK
"COUNTRY CLUB BANK, N.A.","COUNTRY CLUB BANK, N.A."
BRIDGEWATER BANK,BRIDGEWATER BANK
UNION BANK,UNION BANK
TCF NATIONAL BANK,TCF NATIONAL BANK
CENTURY BANK,CENTURY BANK
PEOPLE'S SECURITY BANK & TRUST CO.,PEOPLE'S SECURITY BANK & TRUST CO.
GREEN BANK,GREEN BANK
CENTRAL BANK OF BOONE COUNTY,CENTRAL BANK OF BOONE COUNTY
USBANK,USBANK
S&T BANK,S&T BANK
PNC FINANCIAL SERVICES GROUP,PNC FINANCIAL SERVICES GROUP
"HINSDALE BANK, N/A","HINSDALE BANK, N/A"
MIDDLETOWN VALEY BANK,MIDDLETOWN VALEY BANK
J P MORGAN CHASE BANK,J P MORGAN CHASE BANK
JP MORGAN  CHASE BANK,JP MORGAN  CHASE BANK
WESTSTAR BANK,WESTSTAR BANK
"FIRST, BANK","FIRST, BANK"
TEXAS STATE BANK,TEXAS STATE BANK
MARIN COUNTY REPUBLICAN CENTRAL COMMITTEE (STATE),MARIN COUNTY REPUBLICAN CENTRAL COMMITTEE (STATE)
M & T BANL,M & T BANL
ATLANTIC UNION BANK ACCESS NATIONAL BANK,ATLANTIC UNION BANK ACCESS NATIONAL BANK
HSBC,HSBC
OHIO AMBULATORY SURGERY CENTERS PAC,OHIO AMBULATORY SURGERY CENTERS PAC
SUNTRUST BANK NA FEDERAL ACCOUNT,SUNTRUST BANK NA FEDERAL ACCOUNT
JPMORGAN BANK & CO N.A.,JPMORGAN BANK & CO N.A.
TEXAS BANK,TEXAS BANK
SUNTRAUST BANK,SUNTRAUST BANK
SNUTRUST BANK,SNUTRUST BANK
SUNTRSUT BANK,SUNTRSUT BANK
"SUNTRUST BANKS, INC.","SUNTRUST BANKS, INC."
MERCANTILE BANK,MERCANTILE BANK
